id,category,cleaned_merchant_name,description,merchant_id,short_desc,start_date,end_date,tncoffer_348,dining,Jumbo Seafood Riverside,"10% off total bill with min S$100 spend in a single receipt,
 ""Extended Happy hour from 3pm to pm",302505651,10% Off,1/6/16,31/12/2016,"Offers is not valid on eve of and on public holiday and special occasion.
 Offer is not valid in conjuction woth other promotion, discounts and vouchers"offer_349,dining,LeVeL 33,10% off total bill,301698293,10% Off,1/5/16,31/12/2016,"Offer is not valid in conjunction with other promotions, discounts or privileges
 Not valid on eve of and on Public Holidays and special occasions"offer_350,dining,The Line,10% off a la carte food items,300536343,10% Off,1/10/16,31/12/2016,Return voucher terms and conditions apply.offer_351,dining,Jamies Italian - VivoCity,15 % of total bill.,302367811,15 % Off,1/9/16,30/9/2016,"Offers not valid on eve of and on Public Holidays, blackout dates and special occasions."offer_352,dining,Equinox Restaurant,10% off total bill with min. S$30 spend,300663285,15% Off,1/7/16,30/6/2017,"Valid for dine-in only
 Not valid on eve of and on Public Holidays and special occasions
 Not valid in conjunction with other promotions, discounts, vouchers or offers
 Payment must be made with UOB Credit/ Debit Card"offer_353,dining,Wild Honey,"Exclusively for UOB Reserve, Privilege Banking and Visa infinite cards
 30% savings on total restaurant bill
 20% savings on total restaurant bill",300100612,30% Off,1/7/16,31/12/2016,"Valid for dine-in only
 Not valid on eve of and on Public Holidays and special occasions
 Not valid in conjunction with other promotions, discounts, vouchers or offers
 Limited to maximum 15 people per table"offer_354,dining,Wild Honey,"10% off a la carte food bill with min. $100 spend.
 10% saving on ala carte food bill with min. $100 spend.",300100612,20% Off,1/7/16,30/6/2017,Choice of Australian semillion chardonnay or Austrian aldrige shiraz cabernet.offer_355,dining,Mortons Steak House,"10 % of total bill.
 15 % of total bill.",301097714,15% Off,30/4/2016,31/3/2017,"Not valid on eve of and on Public Holidays, special occasions, Easter weekend, Father's Day, Mother's Day and may include others determined by the merchant"offer_356,dining,POLLEN,"1-for-1 on Pickleback shots(Fri-Sun)
 Happy hour from 5-8.30pm(Mon-fri)",301025609,1-For-1,1/1/16,31/12/2016,"All offers are strictly for dine-in only,not aplicable for takeaways.
 Offers are Not valid in conjunction with other promotions, discounts, vouchers,promotions,sets vouchers or privelages and cannot be exchanged for cash.
 Offers Not valid on eve of and on Public Holidays, blackout dates and special occasions.
 Offer is limited to one redemption per card.
 1-for-1 promtion valid for piickleback shots only.
 Valid all day on fri,sat,sun.
 Promotion is only valid for UOB YOLO,payment or balance of payment is to be made with UOB YOLO.
 Complimentary item must be of equal or lesser value than the item purchased."offer_357,dining,10 at Claymore,"Exclusively for UOB Reserve, Privilege Banking and Visa infinite cards
 30% savings on total restaurant bill
 20% savings on total restaurant bill",300300844,30% Off,1/7/16,31/12/2016,"Valid for dine-in only
 Not valid on eve of and on Public Holidays and special occasions
 Not valid in conjunction with other promotions, discounts, vouchers or offers
 Limited to maximum 15 people per table"offer_358,dining,Tiffin Room,10% off total Bill,301704329,10% Off,3/5/16,31/12/2016,"Offers are not applicable for groups starting at 8pax and above.
 Not valid on eve of and on Public Holidays, blackout dates and special occasions.
 But not limited to valentines day,mothers day,father's day,National day,formula 1 weekend,CNY,christmas.
 Not valid in conjunction with other promotions, discounts, vouchers or privelages."offer_359,dining,Prego,Free S$8 return voucher with min $80 spend,302031228,Free S$8 Return,1/9/16,30/11/2016,Return voucher terms and condition apply.offer_360,dining,StraitsKitchen,10% off total bill with min S$80 spend,300263607,10% Off,1/9/16,30/11/2016,"Offers not valid on eve of and on Public Holidays, blackout dates and special occasions."offer_361,dining,NOX - Dine in the Dark,10% off a la carte food items,302518392,10% Off,20/6/2016,31/12/2016,"Offers Not valid on eve of and on Public Holidays, blackout dates and special occasions.
 Not valid in conjunction with other promotions, discounts, vouchers or privelages."offer_362,dining,The White Rabbit,10% off a la carte food bill,301027180,10% Off,30/4/2016,31/3/2017,"Offer is applicable for Lunch set, Beverage and dessert
 Offer is only applicable for selected a la carte items.
 Not valid on eve of and on Public Holidays, blackout dates and special occasions."offer_363,dining,Chatterbox,"All offers are strictly for dine-in only,not aplicable for takeaways items unless otherwise stated.
 Not valid during Easter weekend or singapor's national day.
 Limited to maximum group size of 15 people per table per bill,no splitting of table or bill is allowed.
 Prior reservation is highly recomended and subject to availablity.
 Offers are Not valid in conjunction with other promotions, discounts, vouchers,promotions,sets vouchers or privelages and cannot be exchanged for cash.",302921757,10% Off,1/7/16,30/6/2017,"Valid for dine-in only
 Not valid on eve of and on Public Holidays and special occasions
 Not valid in conjunction with other promotions, discounts, vouchers or offers
 Valid for both lunch and dinner only at Clarke Quay outlet"offer_364,dining,Capricci,10% off total bill with a minimum of $100 spend.,302286109,30% Off,1/4/16,30/9/2016,"Not valid on eve of and on Public Holidays and special occasions
 Not valid in conjunction with other promotions, discounts, vouchers or offers"offer_365,dining,Catalunya,15% off a la carte food bill with min. $150 spend,302525253,15% Off,20/6/2016,31/12/2016,"Payment must be made with UOB Credit/ Debit Card
 Not valid in conjunction with other promotions, discounts, vouchers or offers
 Valid for dine-in onlyand not valid for takeaway
 Not valid on eve of and on Public Holidays and special occasions"offer_366,dining,Palm Beach Seafood Restaurant,"20% off all Burgers
 10% off total bill with min. S$100 spend",302260950,20% Off,1/7/16,31/12/2016,"Valid for dine-in only
 Not valid on eve of and on Public Holidays and special occasions
 Not valid in conjunction with other promotions, discounts, vouchers or offers
 Limited to maximum 15 people per table"offer_367,dining,Jumbo SeafoodDempsey,Free S$15 return voucher with min $60 spend,302342439,10% Off,1/6/16,31/5/2017,"Offers is not valid on eve of and on public holiday and special occasion.
 Offer is not valid in conjuction woth other promotion, discounts and vouchers"offer_369,dining,Mezza9,10% off on your total bill.,300812258,1-For-1,1/8/16,31/10/2016,"Offer is not valid in conjunction with other promotions, discounts or offers, Not valid on eve of and on Public Holidays and special occasions(e.g. Father's Day)."offer_370,dining,Dolce Vita at Mandarin Oriental,"Exclusively for UOB Reserve, Privilege Banking and Visa infinite cards
 30% savings on total restaurant bill
 20% savings on total restaurant bill",301220325,15% Off,3/5/16,31/12/2016,"Offer is valid on 24 and 25 December 2015
 Not valid on eve of and on Public Holidays and special occasions
 Not valid in conjunction with other promotions, discounts, vouchers or offers
 Valid for dine-in only and are not applicable for takeaway
 Payment must be made with UOB Credit/ Debit Card"offer_372,dining,Marriott Cafe,10% off total bill,300281375,1-For-1,30/4/2016,31/3/2017,"Not valid on eve of and on Public Holidays, special occasions, Easter weekend, Father's Day, Mother's Day and may include others determined by the merchant"offer_373,dining,Punjab Grill,"10 % of total bill.
 15 % of total bill.",302138790,1-For-1,20/6/2016,31/12/2016,"Payment must be made with UOB Credit/ Debit Card.
 Offers Not valid on eve of and on Public Holidays, blackout dates and special occasions.
 The prevlages cannot be exchanged for cash or used in conjunction with Tung Lok privelages card,other promotionla progames,offers,discount cards,vouchers or vip privelages with more than 30 persons,unless otherwise stated.
 Offers are Not valid in conjunction with other promotions, discounts, vouchers,promotions,sets vouchers or privelages and cannot be exchanged for cash.
 Visit tunglok.com for more information.
 UOB general dining terms and conditon apply.
 Privelage are valid for dine-in and on a la carte items only."offer_374,dining,Yum Cha Restaurant,"1-for-1 house wine glass.
 1-for-1 house wine (U.P S$23)",302168706,15% Off,15/10/2016,31/12/2016,Valid for minimum of 2 people and upto maximum 0f 6 peopleoffer_375,dining,Restaurant Absinthe,"15% off total bill (tue&wed)
 10% off total bill(thus&sat)",300416763,20% Off,1/4/16,30/9/2016,"Not valid on eve of and on Public Holidays and special occasions and other special promotions, privileges or discounts
 No splitting or combination of bills allowed
 Not exchangeable for cah,credit or other food and beverege items"offer_376,dining,Lawrys The Prime Rib,10% off total bill with min $30 spend,301836545,10% Off,20/6/2016,31/12/2016,"Offfer is not applicable on the eve of Public Holidays.
 Offfer is not applicable on the festive season and specail occasion."offer_377,dining,Edge,"Exclusively for UOB Reserve, Privilege Banking and Visa infinite cards
 30% savings on total restaurant bill
 20% savings on total restaurant bill """,301409425,30% Off,1/7/16,30/6/2017,"Valid for dine-in only
 Not valid on eve of and on Public Holidays and special occasions
 Not valid in conjunction with other promotions, discounts, vouchers or offers
 Limited to maximum 15 people per table"offer_378,dining,OverEasy,"1-for-1 on Pickleback shots(Fri-Sun)
 Happy hour from 5-8.30pm(Mon-fri)",302505570,1-For-1,1/1/16,31/12/2016,"All offers are strictly for dine-in only,not aplicable for takeaways.
 Offers are Not valid in conjunction with other promotions, discounts, vouchers,promotions,sets vouchers or privelages and cannot be exchanged for cash.
 Offers Not valid on eve of and on Public Holidays, blackout dates and special occasions.
 Offer is limited to one redemption per card.
 1-for-1 promtion valid for piickleback shots only.
 Valid all day on fri,sat,sun.
 Promotion is only valid for UOB YOLO,payment or balance of payment is to be made with UOB YOLO.
 Complimentary item must be of equal or lesser value than the item purchased."offer_379,dining,Fratini La Trattoria,10% off a la carte menu,302338721,10% Off,3/5/16,31/12/2016,"Offers are not applicable for groups starting at 8pax and above.
 Not valid on eve of and on Public Holidays, blackout dates and special occasions.
 But not limited to valentines day,mothers day,father's day,National day,formula 1 weekend,CNY,christmas.
 Not valid in conjunction with other promotions, discounts, vouchers or privelages."offer_380,dining,OSO Ristorante,10% off total bill with a minimum of S$70 spend.,300260358,Enjoy 10% Off on your total bill,1/7/16,30/6/2017,"Valid for dine-in only
 Not valid for takeaway
 Not valid in conjunction with other promotions, vouchers or offers 
 Not valid during Easter weekend or Singapore's National Day 
 Limited to maximum 15 people per table"offer_382,dining,Flutes,"15% off total bill with min. S$50 spend on food
 10% off total bill with min. S$50 spend on food
 1- for -1 Lava Cake",300041027,10% Off,1/4/16,30/9/2016,"Not valid on eve of and on Public Holidays and special occasions
 Not valid in conjunction with other promotions, discounts, vouchers or offers"offer_383,dining,OCTAPAS,"Exclusively for UOB Reserve, Privilege Banking and Visa Infinite Cards
 30% savings on total restaurant bill, UOB Deal
 20% savings on total restaurant bill",300584992,Happy Hours,15/10/2016,31/12/2016,Valid for minimum of 2 people and upto maximum 0f 6 peopleoffer_384,dining,in ITALY,10% off a la carte food bill,300246798,10% Off,1/1/16,31/12/2016,"Not valid in conjunction with other promotions, discounts, vouchers or offers"offer_385,dining,Tanjong Beach Club,"1-for-1 main courses (tue-fri,after 6pm)
 1-for-1 Mojitoes(fri,sat)",300075276,1-For-1,20/6/2016,31/12/2016,"Offers Not valid on eve of and on Public Holidays, blackout dates and special occasions.
 Not valid in conjunction with other promotions, discounts, vouchers or privelages."offer_386,dining,Wooloomooloo Steakhouse,"1-for-1 sweet crepes (Mon-Fri,after 5pm)
 1-for-1 Bottled Cocktails (Fri-Sun)",301307963,10% Off,1/1/16,31/12/2016,"Not valid in conjunction with other promotions, discounts, vouchers or offers"offer_388,dining,Esquina,"Exclusively for UOB Reserve, Privilege Banking and Visa infinite cards
 30% savings on total restaurant bill
 20% savings on total restaurant bill",300471545,10 % Off,1/7/16,30/6/2017,"Valid for dine-in only
 Discount is applicable from 3pm to 9.30pm for weekdays(mon- fri) and 12pm to 9pm for weekends (sat & sun)
 Payment must be made with UOB Credit/ Debit Card
 Not valid with any other in-house set menus,kids menu, bento menu,promotions or discounts.
 Not valid on eve of and on Public Holidays and special occasions
 Not applicable for takeaway items, bento delivery, beers & wines"offer_389,dining,Raffles Grill,10% off on your total bill.,302424699,1-For-1,1/8/16,31/10/2016,"Offer is not valid in conjunction with other promotions, discounts or offers, Not valid on eve of and on Public Holidays and special occasions(e.g. Father's Day)."offer_391,dining,Stellar at 1-Altitude,"10% off total bill, Birthday Privilege, 15% off total bill",304039315,1-For-1,20/6/2016,31/12/2016,"Payment must be made with UOB Credit/ Debit Card.
 Offers Not valid on eve of and on Public Holidays, blackout dates and special occasions.
 The prevlages cannot be exchanged for cash or used in conjunction with Tung Lok privelages card,other promotionla progames,offers,discount cards,vouchers or vip privelages with more than 30 persons,unless otherwise stated.
 Offers are Not valid in conjunction with other promotions, discounts, vouchers,promotions,sets vouchers or privelages and cannot be exchanged for cash.
 Visit tunglok.com for more information.
 UOB general dining terms and conditon apply.
 Privelage are valid for dine-in and on a la carte items only."offer_392,dining,Senso Ristorante and Bar,15% off a la carte menu,300441357,1-For-1,1/7/16,30/9/2016,Dine -in only and not applicable for takeways. Not valid at OneKM outlet.offer_393,dining,Bistecca Tuscan Steakhouse,"1-for-1 on Pickleback shots(Fri-Sun)
 Happy hour from 5-8.30pm(Mon-fri)",300732145,1-For-1,1/9/16,31/10/2016,"Offers not valid on eve of and on Public Holidays, blackout dates and special occasions."offer_394,dining,Dancing Crab,155 off total food & beverage bill,302877369,1-For-1,1/1/16,31/12/2016,"All offers are strictly for dine-in only,not aplicable for takeaways items unless otherwise stated.
 Not valid during Easter weekend or singapor's national day.
 Limited to maximum group size of 15 people per table per bill,no splitting of table or bill is allowed.
 Prior reservation is highly recomended and subject to availablity.
 Offers are Not valid in conjunction with other promotions, discounts, vouchers,promotions,sets vouchers or privelages and cannot be exchanged for cash."offer_395,dining,Pasta Brava,15% off a la carte food bill with min. $150 spend,302151708,10% Off,1/9/16,30/9/2016,"Offers not valid on eve of and on Public Holidays, blackout dates and special occasions."offer_396,dining,Binomio,"Exclusively for UOB Reserve, Privilege Banking and Visa Infinite Cards
 30% savings on total restaurant bill, UOB Deal
 20% savings on total restaurant bill",301607062,1-For-1,1/7/16,30/6/2017,"Valid for dine-in only
 Not valid on eve of and on Public Holidays and special occasions
 Not valid in conjunction with other promotions, discounts, vouchers or offers
 Limited to maximum 15 people per table"offer_397,dining,Hai Tien Lo,"Exclusively for UOB Reserve, Privilege Banking and Visa Infinite Cards
 30% savings on total restaurant bill, UOB Deal
 20% savings on total restaurant bill",302256353,30% Off,1/7/16,31/12/2016,"Valid for dine-in only
 Not valid for takeaway
 Not valid in conjunction with other promotions, vouchers or offers 
 Not valid during Easter weekend or Singapore's National Day 
 Limited to maximum 15 people per table 
 Prior reservation is highly recommended and subject to availablity."offer_398,dining,Alkaff Mansion Ristorante,"Exclusively for UOB Reserve, Privilege Banking and Visa Infinite Cards
 30% savings on total restaurant bill, UOB Deal
 20% savings on total restaurant bill",302333426,1-For-1,1/1/16,31/12/2016,"Limited to 1 redemption per card.
 Offers Not valid on eve of and on Public Holidays, blackout dates and special occasions
 Not valid in conjunction with other promotions, discounts, vouchers or privelages."offer_399,dining,Zafferano,"1-for-1 house wine glass.
 1-for-1 house wine (U.P S$23)",301367071,30% Off,1/10/16,31/12/2016,Return voucher terms and conditions apply.offer_400,dining,Original Sin,"1-for-1 main courses (tue-fri,after 6pm)
 1-for-1 Mojitoes(fri,sat)",300317253,15% Off,20/6/2016,31/12/2016,"Payment must be made with UOB Credit/ Debit Card.
 Offers Not valid on eve of and on Public Holidays, blackout dates and special occasions.
 The prevlages cannot be exchanged for cash or used in conjunction with Tung Lok privelages card,other promotionla progames,offers,discount cards,vouchers or vip privelages with more than 30 persons,unless otherwise stated.
 Offers are Not valid in conjunction with other promotions, discounts, vouchers,promotions,sets vouchers or privelages and cannot be exchanged for cash.
 Visit tunglok.com for more information.
 UOB general dining terms and conditon apply.
 Privelage are valid for dine-in and on a la carte items only."offer_401,dining,Shang Palace,15% off a la carte food bill with min. $150 spend,301009741,10% Off,1/1/16,31/3/2016,"All offers are strictly for dine-in only,not aplicable for takeaways items unless otherwise stated.
 Not valid during Easter weekend or singapor's national day.
 Limited to maximum group size of 15 people per table per bill,no splitting of table or bill is allowed.
 Prior reservation is highly recomended and subject to availablity.
 Offers are Not valid in conjunction with other promotions, discounts, vouchers,promotions,sets vouchers or privelages and cannot be exchanged for cash."offer_402,dining,Burlamacco Ristorante,"Exclusively for UOB Reserve, Privilege Banking and Visa infinite cards
 30% savings on total restaurant bill
 20% savings on total restaurant bill",300839118,10% Off,1/10/16,31/12/2016,Valid for dine-in onlyand not valid for takeawayoffer_403,dining,FOC Restaurant,10% off total bill with min $30 spend,300130969,1-For-1,3/5/16,31/12/2016,"Offer is not valid in conjunction with other promotions, discounts or privileges
 Not valid on eve of and on Public Holidays and special occasions"offer_404,dining,Tandoor,1- for- 1 Hendricks Gin & Tonics ( Tue- Sun),302552786,30% Off,20/6/2016,31/12/2016,"Offfer is not applicable on the eve of Public Holidays.
 Offfer is not applicable on the festive season and specail occasion."offer_405,dining,Shiraz,Free S$15 return voucher with min $60 spend,301001341,1-For-1,1/9/16,30/9/2016,Return voucher terms and condition apply.offer_406,dining,SKIRT,10% off a la carte food items,300279626,15% Off,1/7/16,30/6/2017,"Valid for dine-in only
 Not valid for takeaway
 Not valid in conjunction with other promotions, vouchers or offers 
 Not valid during Easter weekend or Singapore's National Day 
 Limited to maximum 15 people per table"offer_407,dining,The Black Swan,Happy hour from 5-8.30pm (mon-fri),301360699,Happy Hours,1/1/16,31/12/2016,"Limited to 1 redemption per card.
 Offers Not valid on eve of and on Public Holidays, blackout dates and special occasions
 Not valid in conjunction with other promotions, discounts, vouchers or privelages."offer_408,dining,Keyaki,"Exclusively for UOB Reserve, Privilege Banking and Visa infinite cards
 30% savings on total restaurant bill
 20% savings on total restaurant bill",301782554,30% Off,1/7/16,30/6/2017,"Valid for dine-in only
 Not valid on eve of and on Public Holidays and special occasions
 Not valid in conjunction with other promotions, discounts, vouchers or offers
 Limited to maximum 15 people per table"offer_409,dining,Jade,10% off total bill,300562179,20% Off,30/4/2016,31/3/2017,"Offer is applicable for Lunch set, Beverage and dessert
 Offer is only applicable for selected a la carte items.
 Not valid on eve of and on Public Holidays, blackout dates and special occasions."offer_410,dining,Lolla,10% off total bill with a minimum of $100 spend.,300279190,15% Off,1/10/16,31/12/2016,Return voucher terms and conditions apply.offer_411,dining,Brasserie Gavroche,1- for- 1 Hendricks Gin & Tonics ( Tue- Sun),301281997,10% Off,1/7/16,30/6/2017,"Valid for dine-in only
 Not valid on eve of and on Public Holidays and special occasions
 Not valid in conjunction with other promotions, discounts, vouchers or offers
 Valid for both lunch and dinner only at Clarke Quay outlet"offer_412,dining,Aromas of India,10% off total bill with min. S$30 spend,300171214,15% Off,1/1/16,31/12/2016,"Not valid in conjunction with other promotions, discounts, vouchers or offers
 Not valid on eve of and on Public Holidays and special occasions"offer_413,dining,Portico Prime,"Exclusively for UOB Reserve, Privilege Banking and Visa infinite cards
 30% savings on total restaurant bill
 20% savings on total restaurant bill",301143462,10% Off,1/1/16,30/6/2016,"Not valid in conjunction with other promotions, discounts, vouchers or offers"offer_414,dining,Prive Grill,"1-for-1 house wine glass.
 1-for-1 house wine (U.P S$23)",302559947,10 % Off,1/1/16,31/12/2016,"Limited to one redemption per card, per table, per bill
 No splitting of table or bill allowed
 Complimentary item must be of equal or lesser value than the item purchased
 Valid for dine-in only
 Not valid on eve of and on Public Holidays and special occasions
 Not valid in conjunction with other promotions, discounts, vouchers or offers"offer_415,dining,Forlino,10% off total Bill,302193717,Free S$8 Return,15/10/2016,31/12/2016,Valid for minimum of 2 people and upto maximum 0f 6 peopleoffer_416,dining,Mikuni,10% off a la carte food items,303224076,30% Off,1/7/16,31/12/2016,"All offers are strictly for dine-in only,not aplicable for takeaways"offer_417,dining,Bar-Roque Grill,10% off a la carte menu,302560084,10% Off,1/7/16,31/12/2016,"Valid for dine-in only 
 Limited to one promotional dish per table per bill
 Prices stated are before GST and service charge
 Not valid in conjunction with other promotions, discounts, vouchers or offers
 Payment must be made with UOB Credit/ Debit Card"offer_418,dining,Corner House,15% off food and beverage bill,301515465,Enjoy 10% Off your total food bill,20/6/2016,31/12/2016,"Payment must be made with UOB Credit/ Debit Card.
 Offers Not valid on eve of and on Public Holidays, blackout dates and special occasions.
 The prevlages cannot be exchanged for cash or used in conjunction with Tung Lok privelages card,other promotionla progames,offers,discount cards,vouchers or vip privelages with more than 30 persons,unless otherwise stated.
 Offers are Not valid in conjunction with other promotions, discounts, vouchers,promotions,sets vouchers or privelages and cannot be exchanged for cash.
 Visit tunglok.com for more information.
 UOB general dining terms and conditon apply.
 Privelage are valid for dine-in and on a la carte items only."offer_419,dining,GRUB,"15% off total bill with a min. spend of S$60(Lunch)
 10% off total bill with a min. spend of S$60(Dinner)",302522220,15% Off,1/9/16,31/10/2016,"Offers not valid on eve of and on Public Holidays, blackout dates and special occasions."offer_420,dining,Long Chim,1-for-1 a la carte items,300753626,1-For-1,1/7/16,30/6/2017,"Valid for dine-in only 
 Limited to one promotional dish per table per bill
 Prices stated are before GST and service charge
 Not valid in conjunction with other promotions, discounts, vouchers or offers
 Payment must be made with UOB Credit/ Debit Card"offer_421,dining,Mellben Seafood,155 off total food & beverage bill,300535317,10% Off,1/1/16,31/12/2017,"Not valid in conjunction with other promotions, discounts, vouchers or offers
 Not valid on eve of and on Public Holidays and special occasions"offer_422,dining,Colony,10% off total bill with a minimum of S$70 spend.,300651063,30% Off,1/6/16,31/5/2017,"Offers are not applicable for groups starting at 8pax and above.
 Offers are not applicable for corporate and for private rooms at forlino.
 Offers are Not valid in conjunction with other promotions, discounts, vouchers or privelages.
 Offers Not valid on eve of and on Public Holidays, blackout dates and special occasions.
 Price are subjected to service change and prevaling government taxes."offer_423,dining,Taste Paradise,15 % of total bill.,303272414,15% Off,1/5/16,31/12/2016,"Offer is applicable for Lunch set, Beverage and dessert
 Offer is only applicable for selected a la carte items.
 Not valid on eve of and on Public Holidays, blackout dates and special occasions."offer_424,dining,El Mero Mero,15% off total bill,300223028,10% Off,1/1/16,31/12/2016,"Lunch offer is only applicable from 12-5pm and dinner is only applicable from 5pm to 12midnight
 Not valid in conjunction with other promotions, discounts, vouchers or offers
 Valid for dine-in onlyand not valid for takeaway
 Not valid on eve of and on Public Holidays and special occasions"offer_425,dining,Restaurant Labyrinth,Free S$15 return voucher with min $60 spend,300145597,10 % Off,15/2/2016,31/12/2016,"Not valid in conjunction with other promotions, discounts, vouchers or privelages.
 Offer is not applicable for special promtions,privelages or discounts.
 Not valid during easter weekend(including good friday)or Singapore national day.
 Limited to a maximum group size of 15 people per table per bill.
 No splitting of table or bill is allowed.
 Prior reservation is highly recommended and subject to availablity."offer_426,dining,Little Saigon,10% off total food bill with a min. spend of S$100,302548362,1-For-1,1/10/16,31/12/2016,Return voucher terms and conditions apply.offer_427,dining,Restaurant Labyrinth,10% off total bill with a minimum of S$70 spend.,300145597,1-For-1,15/10/2016,31/12/2016,Valid for minimum of 2 people and upto maximum 0f 6 peopleoffer_428,dining,Shabestan,1-FOR-1 Main Course,300324392,30% Off,1/1/16,31/12/2016,"All offers are strictly for dine-in only,not aplicable for takeaways.
 Offers are Not valid in conjunction with other promotions, discounts, vouchers,promotions,sets vouchers or privelages and cannot be exchanged for cash.
 Offers Not valid on eve of and on Public Holidays, blackout dates and special occasions.
 Offer is limited to one redemption per card.
 1-for-1 promtion valid for piickleback shots only.
 Valid all day on fri,sat,sun.
 Promotion is only valid for UOB YOLO,payment or balance of payment is to be made with UOB YOLO.
 Complimentary item must be of equal or lesser value than the item purchased."offer_429,dining,Shabestan,"15% off steamed chilli crab dumplings
 15% off noodles selection on weekdays, 3-5pm",300324392,1-For-1,20/6/2016,31/12/2016,"Offers Not valid on eve of and on Public Holidays, blackout dates and special occasions.
 Not valid in conjunction with other promotions, discounts, vouchers or privelages."offer_430,dining,Szechuan Court,"1-for-1 main courses (tue-fri,after 6pm)
 1-for-1 Mojitoes(fri,sat)",300576492,10% Off,1/4/16,30/9/2016,"Not valid on eve of and on Public Holidays and special occasions
 Not valid in conjunction with other promotions, discounts, vouchers or offers"offer_431,dining,Arteastiq Boutique Tea House,"10 % of total bill.
 15 % of total bill.",301261996,15% Off,1/7/16,30/6/2017,"Valid for dine-in only
 Not valid on eve of and on Public Holidays and special occasions
 Not valid in conjunction with other promotions, discounts, vouchers or offers
 Payment must be made with UOB Credit/ Debit Card"offer_432,dining,Majestic Bay Seafood Restaurant,"1-for-1 house wine glass.
 1-for-1 house wine (U.P S$23)",300337901,30% Off,30/4/2016,31/3/2017,"Not valid on eve of and on Public Holidays, special occasions, Easter weekend, Father's Day, Mother's Day and may include others determined by the merchant"offer_433,dining,Chihuly Lounge,"15% off total bill (tue&wed)
 10% off total bill(thus&sat)",300536171,10% Off,1/10/16,31/12/2016,Return voucher terms and conditions apply.offer_434,dining,Hungry Heroes,10% off total bill with a minimum of $100 spend.,302326267,15% Off,20/6/2016,31/12/2016,"Offers Not valid on eve of and on Public Holidays, blackout dates and special occasions.
 Not valid in conjunction with other promotions, discounts, vouchers or privelages."offer_435,dining,Prive Cafe,"10 % of total bill.
 15 % of total bill.",303357528,10% Off,1/1/16,31/12/2016,"Not valid in conjunction with other promotions, discounts, vouchers or offers"offer_436,dining,Swee Choon Tim Sum Restaurant,"15% off total bill with min. S$50 spend on food
 10% off total bill with min. S$50 spend on food
 1- for -1 Lava Cake",300370549,15 % Off,3/5/16,31/12/2016,"Offer is valid on 24 and 25 December 2015
 Not valid on eve of and on Public Holidays and special occasions
 Not valid in conjunction with other promotions, discounts, vouchers or offers
 Valid for dine-in only and are not applicable for takeaway
 Payment must be made with UOB Credit/ Debit Card"offer_437,dining,Taratata Bistrot,15% off a la carte food bill with min. $150 spend,302504568,10% Off,1/1/16,30/6/2016,"All offers are strictly for dine-in only,not aplicable for takeaways items unless otherwise stated.
 Not valid during Easter weekend or singapor's national day.
 Limited to maximum group size of 15 people per table per bill,no splitting of table or bill is allowed.
 Prior reservation is highly recomended and subject to availablity.
 Offers are Not valid in conjunction with other promotions, discounts, vouchers,promotions,sets vouchers or privelages and cannot be exchanged for cash."offer_438,dining,Sabio by the Sea,10% off total Bill,300801430,10% Off,1/6/16,31/12/2016,"Offers are not applicable for groups starting at 8pax and above.
 Not valid on eve of and on Public Holidays, blackout dates and special occasions.
 But not limited to valentines day,mothers day,father's day,National day,formula 1 weekend,CNY,christmas.
 Not valid in conjunction with other promotions, discounts, vouchers or privelages."offer_439,dining,Les Bouchons Rive Gauche,10% off a la carte food items,302131912,15% Off,1/10/16,31/12/2016,Valid for dine-in onlyand not valid for takeawayoffer_440,dining,Kopi Tiam,10% off a la carte menu,301591104,15% Off,20/6/2016,31/12/2016,"Offfer is not applicable on the eve of Public Holidays.
 Offfer is not applicable on the festive season and specail occasion."offer_441,dining,Majestic Restaurant,"15% off total bill (tue&wed)
 10% off total bill(thus&sat)",302691101,10% Off,20/6/2016,31/12/2016,"Payment must be made with UOB Credit/ Debit Card.
 Offers Not valid on eve of and on Public Holidays, blackout dates and special occasions.
 The prevlages cannot be exchanged for cash or used in conjunction with Tung Lok privelages card,other promotionla progames,offers,discount cards,vouchers or vip privelages with more than 30 persons,unless otherwise stated.
 Offers are Not valid in conjunction with other promotions, discounts, vouchers,promotions,sets vouchers or privelages and cannot be exchanged for cash.
 Visit tunglok.com for more information.
 UOB general dining terms and conditon apply.
 Privelage are valid for dine-in and on a la carte items only."offer_442,dining,10 SCOTTS,"10% off total bill with min S$100 spend in a single receipt,
 Extended Happy hour from 3pm to pm",300993920,Free S$8 Return,1/7/16,31/12/2016,"All offers are strictly for dine-in only,not aplicable for takeaways"offer_443,dining,JING,"15% off total bill (tue&wed)
 10% off total bill(thus&sat)",302545454,10% Off,1/6/16,31/5/2017,"Offers is not valid on eve of and on public holiday and special occasion.
 Offer is not valid in conjuction woth other promotion, discounts and vouchers"offer_444,dining,OLA Cocina Del Mar,"Exclusicve for UOB Reserve,Privalage banking and Visa infinite cards.
 30% saving on total restaurant bill.",300531044,15% Off,1/6/16,31/5/2017,"Offers are not applicable for groups starting at 8pax and above.
 Offers are not applicable for corporate and for private rooms at forlino.
 Offers are Not valid in conjunction with other promotions, discounts, vouchers or privelages.
 Offers Not valid on eve of and on Public Holidays, blackout dates and special occasions.
 Price are subjected to service change and prevaling government taxes."offer_445,dining,Long Bar Steakhouse,"Exclusively for UOB Reserve, Privilege Banking and Visa infinite cards
 30% savings on total restaurant bill
 20% savings on total restaurant bill """,302140099,15% Off,1/6/16,31/7/2016,"Offers Not valid on eve of and on Public Holidays, blackout dates and special occasions
 Not valid in conjunction with other promotions, discounts, vouchers or privelages."offer_446,dining,Pizza Fabbrica,10% off total bill with a minimum of $100 spend.,301156208,10% Off,15/2/2016,31/12/2016,"Not valid in conjunction with other promotions, discounts, vouchers or privelages.
 Offer is not applicable for special promtions,privelages or discounts.
 Not valid during easter weekend(including good friday)or Singapore national day.
 Limited to a maximum group size of 15 people per table per bill.
 No splitting of table or bill is allowed.
 Prior reservation is highly recommended and subject to availablity."offer_447,dining,Lime House,"15% off total bill (tue&wed)
 10% off total bill(thus&sat)",301597048,15% Off,15/10/2016,31/12/2016,Valid for minimum of 2 people and upto maximum 0f 6 peopleoffer_448,dining,Casa Tartufo,"Exclusively for UOB Reserve, Privilege Banking and Visa Infinite Cards
 30% savings on total restaurant bill, UOB Deal
 20% savings on total restaurant bill",300624363,30% Off,1/4/16,30/6/2016,"Not valid on eve of and on Public Holidays, blackout dates and special occasions.
 Not valid in conjunction with other offers ,privelages or sets.
 1-for-1 promtion valid for bottled cock tails only.
 Valid all day on friday,saturday and sunday.
 Promotion is only valid for UOB YOLO,payment or balance of payment is to be made with YOLO.
 Offer is limited to one redemption for a card.
 Complimentary item must be of equal ol lesser value than the item purchased.
 No splitting of table/bill is allowed.
 Valid for dine-in only and are not applicable for takeaway
 Offfer is not applicable on the festive season and specail occasion.
 Offer is not applicable for special promtions,privelages or discounts"offer_449,dining,Chotto Matte,10% off total bill,300555694,10% Off,3/5/16,31/12/2016,"Offer is not valid in conjunction with other promotions, discounts or privileges
 Not valid on eve of and on Public Holidays and special occasions"offer_450,dining,Tiong Bahru Bakery,"15% off total bill (tue&wed)
 10% off total bill(thus&sat)",303647753,10% Off,1/4/16,30/9/2016,"Not valid on eve of and on Public Holidays and special occasions and other special promotions, privileges or discounts
 No splitting or combination of bills allowed
 Not exchangeable for cah,credit or other food and beverege items"offer_451,dining,Roots Kitchen Bar,1- for-1 Main Dish( Lunch Only ),301399597,30% Off,30/4/2016,31/3/2017,"Not valid on eve of and on Public Holidays, special occasions, Easter weekend, Father's Day, Mother's Day and may include others determined by the merchant"offer_452,dining,PerBacco,10% off total food bill with a min. spend of S$100,301498260,30% Off,1/9/16,30/9/2016,"Offers not valid on eve of and on Public Holidays, blackout dates and special occasions."offer_453,dining,Roots Kitchen Bar,"15% off total bill with min. S$50 spend on food
 10% off total bill with min. S$50 spend on food
 1- for -1 Lava Cake",301399597,1-For-1,3/5/16,31/12/2016,"Offer is valid on 24 and 25 December 2015
 Not valid on eve of and on Public Holidays and special occasions
 Not valid in conjunction with other promotions, discounts, vouchers or offers
 Valid for dine-in only and are not applicable for takeaway
 Payment must be made with UOB Credit/ Debit Card"offer_454,dining,Shelter in the Woods,"20% off all Burgers
 10% off total bill with min. S$100 spend",300156803,Enjoy 10% Off your total food bill,1/7/16,31/12/2016,"Valid for dine-in only
 Not valid on eve of and on Public Holidays and special occasions
 Not valid in conjunction with other promotions, discounts, vouchers or offers
 Valid for both lunch and dinner only at Clarke Quay outlet"offer_455,dining,FYR Cycene Ond Drinc,10% off total bill with min S$80 spend,300050676,10 % Off,1/7/16,30/9/2016,"Valid for dine-in only
 Not valid for takeaway
 Not valid in conjunction with other promotions, vouchers or offers 
 Not valid during Easter weekend or Singapore's National Day 
 Limited to maximum 15 people per table 
 Prior reservation is highly recommended and subject to availablity."offer_456,dining,IndoChili,10% off a la carte food items,300199266,1-For-1,1/1/16,31/12/2016,"Not valid in conjunction with other promotions, discounts, vouchers or offers
 Not valid on eve of and on Public Holidays and special occasions"offer_457,dining,Roadhouse,10% off total bill with a minimum of S$70 spend.,303865198,10% Off,1/7/16,30/6/2017,"Valid at Changi Airport only.
 Offers Not valid on eve of and on Public Holidays, blackout dates and special occasions.
 Not valid in conjunction with other promotions, discounts, vouchers or privelages."offer_458,dining,Roadhouse,15% off food and beverage bill,303865198,1-For-1,1/7/16,30/6/2017,"Valid for dine-in only
 Not valid for takeaway
 Not valid in conjunction with other promotions, vouchers or offers 
 Not valid during Easter weekend or Singapore's National Day 
 Limited to maximum 15 people per table 
 Prior reservation is highly recommended and subject to availablity."offer_459,dining,Museo,"Exclusively for UOB Reserve, Privilege Banking and Visa infinite cards
 30% savings on total restaurant bill
 20% savings on total restaurant bill",300603060,10% Off,1/1/16,31/3/2016,"Not valid in conjunction with other promotions, discounts, vouchers or offers"offer_460,dining,Sin Lee Foods,10% off total food bill with a min. spend of S$100,301556913,1-For-1,15/10/2016,31/12/2016,Valid for dine-in onlyand not valid for takeawayoffer_461,dining,IKYU,10% off on your total bill.,300758577,1-For-1,1/1/16,31/12/2016,"Lunch offer is only applicable from 12-5pm and dinner is only applicable from 5pm to 12midnight
 Not valid in conjunction with other promotions, discounts, vouchers or offers
 Valid for dine-in onlyand not valid for takeaway
 Not valid on eve of and on Public Holidays and special occasions"offer_462,dining,Little Diner,Free S$15 return voucher with min $60 spend,302256347,1-For-1,1/7/16,30/6/2017,"Valid for dine-in only
 Not valid on eve of and on Public Holidays and special occasions
 Not valid in conjunction with other promotions, discounts, vouchers or offers
 Limited to maximum 15 people per table"offer_463,dining,Al Borgo,"Exclusively for UOB Reserve, Privilege Banking and Visa infinite cards
 30% savings on total restaurant bill
 20% savings on total restaurant bill """,300203083,10% Off,1/4/16,30/9/2016,"Not valid on eve of and on Public Holidays and special occasions
 Not valid in conjunction with other promotions, discounts, vouchers or offers"offer_464,dining,Levant,15% off a la carte food bill with min. $150 spend,302495998,15% Off,1/1/16,31/12/2016,"Not valid in conjunction with other promotions, discounts, vouchers or offers"offer_465,dining,Kazbar,"10 % of total bill.
 15 % of total bill.",302505554,30% Off,1/7/16,30/6/2017,"Valid for dine-in only
 Not valid on eve of and on Public Holidays and special occasions
 Not valid in conjunction with other promotions, discounts, vouchers or offers
 Limited to maximum 15 people per table"offer_466,dining,Trattoria Nonna Lina,"15% off a la carte food bill with min. $200 spend.
 15% off a la carte food bill with min. $200 spend.
 10% off a la carte food bill with min. $120 spend.
 10% off a la carte food bill with min. $120 spend.",301607566,1-For-1,15/2/2016,31/12/2016,"Not valid in conjunction with other promotions, discounts, vouchers or privelages.
 Offer is not applicable for special promtions,privelages or discounts.
 Not valid during easter weekend(including good friday)or Singapore national day.
 Limited to a maximum group size of 15 people per table per bill.
 No splitting of table or bill is allowed.
 Prior reservation is highly recommended and subject to availablity."offer_467,dining,Chock Full of Beans,10% off a la carte food bill for lunch(Mon-Fri) and dinner (Mon-thur),302667055,15 % Off,3/5/16,31/12/2016,"Offer is not valid in conjunction with other promotions, discounts or privileges
 Not valid on eve of and on Public Holidays and special occasions"offer_468,dining,Shin Minori Japanese Restaurant,"Exclusively for UOB Reserve, Privilege Banking and Visa infinite cards
 30% savings on total restaurant bill
 20% savings on total restaurant bill",300987552,15% Off,1/6/16,31/5/2017,"Offers are not applicable for groups starting at 8pax and above.
 Not valid on eve of and on Public Holidays, blackout dates and special occasions.
 But not limited to valentines day,mothers day,father's day,National day,formula 1 weekend,CNY,christmas.
 Not valid in conjunction with other promotions, discounts, vouchers or privelages."offer_469,dining,Lewin Terrace,"20% off all Burgers
 10% off total bill with min. S$100 spend",301940381,1-For-1,1/1/16,31/12/2016,"Not valid in conjunction with other promotions, discounts, vouchers or offers
 Not valid on eve of and on Public Holidays and special occasions"offer_471,dining,Saveur Art,"15% off total bill with a min. spend of S$60(Lunch)
 10% off total bill with a min. spend of S$60(Dinner)",302061516,10% Off,15/10/2016,31/12/2016,Valid for minimum of 2 people and upto maximum 0f 6 peopleoffer_472,dining,Saveur Art,1- for-1 Main Dish( Lunch Only ),302061516,10 % Off,20/6/2016,31/12/2016,"Payment must be made with UOB Credit/ Debit Card.
 Offers Not valid on eve of and on Public Holidays, blackout dates and special occasions.
 The prevlages cannot be exchanged for cash or used in conjunction with Tung Lok privelages card,other promotionla progames,offers,discount cards,vouchers or vip privelages with more than 30 persons,unless otherwise stated.
 Offers are Not valid in conjunction with other promotions, discounts, vouchers,promotions,sets vouchers or privelages and cannot be exchanged for cash.
 Visit tunglok.com for more information.
 UOB general dining terms and conditon apply.
 Privelage are valid for dine-in and on a la carte items only."offer_473,dining,Nosh,Free S$8 return voucher with min $80 spend,300675483,10% Off,20/6/2016,31/12/2016,"Payment must be made with UOB Credit/ Debit Card.
 Offers Not valid on eve of and on Public Holidays, blackout dates and special occasions.
 The prevlages cannot be exchanged for cash or used in conjunction with Tung Lok privelages card,other promotionla progames,offers,discount cards,vouchers or vip privelages with more than 30 persons,unless otherwise stated.
 Offers are Not valid in conjunction with other promotions, discounts, vouchers,promotions,sets vouchers or privelages and cannot be exchanged for cash.
 Visit tunglok.com for more information.
 UOB general dining terms and conditon apply.
 Privelage are valid for dine-in and on a la carte items only.
 The prevlages cannot be exchanged for cash or used in conjunction with Tung Lok privelages card,other promotionla progames,offers,discount cards,vouchers or vip privelages with more than 30 persons,unless otherwise stated."offer_474,dining,O Comptoir,10% off total bill with min S$80 spend,300570363,1-For-1,1/6/16,31/7/2016,"Offers Not valid on eve of and on Public Holidays, blackout dates and special occasions
 Not valid in conjunction with other promotions, discounts, vouchers or privelages."offer_475,dining,Forest,10% off a la carte menu,303393706,10 % Off,1/7/16,30/9/2016,"Valid for dine-in only
 Not valid on eve of and on Public Holidays and special occasions
 Not valid in conjunction with other promotions, discounts, vouchers or offers
 Limited to maximum 15 people per table"offer_476,dining,PODI,10% off on your total bill.,301451634,1-For-1,1/7/16,31/12/2016,"Promotion is only valid for UOB YOLO, payment or balance of payment
 Not valid in conjunction with other promotions, discounts, vouchers or offers
 Not valid on eve of and on Public Holidays and special occasions
 UOB is not an agent of the merchant, vice versa"offer_477,dining,Summer Palace,10% off total bill,300794507,10% Off,1/7/16,30/9/2016,"Valid for dine-in only
 Not valid on eve of and on Public Holidays and special occasions
 Not valid in conjunction with other promotions, discounts, vouchers or offers
 Limited to maximum 15 people per table"offer_478,dining,Club Street Social,10% off total Bill,302506336,Free S$8 Return,1/7/16,30/6/2017,"Valid for dine-in only
 Not valid on eve of and on Public Holidays and special occasions
 Not valid in conjunction with other promotions, discounts, vouchers or offers
 Limited to maximum 15 people per table"offer_479,dining,Faber Bistro,"10% off a la carte food bill with min. $100 spend.
 10% saving on ala carte food bill with min. $100 spend.",302551014,15% Off,1/7/16,30/6/2017,"Valid for dine-in only
 Discount is applicable from 3pm to 9.30pm for weekdays(mon- fri) and 12pm to 9pm for weekends (sat & sun)
 Payment must be made with UOB Credit/ Debit Card
 Not valid with any other in-house set menus,kids menu, bento menu,promotions or discounts.
 Not valid on eve of and on Public Holidays and special occasions
 Not applicable for takeaway items, bento delivery, beers & wines"offer_480,dining,Table Manners,Happy hour from 5-8.30pm (mon-fri),303554389,Free S$8 Return,1/7/16,30/9/2016,Choice of Australian semillion chardonnay or Austrian aldrige shiraz cabernet.offer_481,dining,Neon Pigeon,"All offers are strictly for dine-in only,not aplicable for takeaways items unless otherwise stated.
 Not valid during Easter weekend or singapor's national day.
 Limited to maximum group size of 15 people per table per bill,no splitting of table or bill is allowed.
 Prior reservation is highly recomended and subject to availablity.
 Offers are Not valid in conjunction with other promotions, discounts, vouchers,promotions,sets vouchers or privelages and cannot be exchanged for cash.",301389617,15% Off,1/6/16,31/5/2017,"Offers is not valid on eve of and on public holiday and special occasion.
 Offer is not valid in conjuction woth other promotion, discounts and vouchers"offer_482,dining,Richmond Station,"Exclusively for UOB Reserve, Privilege Banking and Visa Infinite Cards
 30% savings on total restaurant bill, UOB Deal
 20% savings on total restaurant bill",300081426,Happy Hours,1/6/16,31/5/2017,"Offers are not applicable for groups starting at 8pax and above.
 Offers are not applicable for corporate and for private rooms at forlino.
 Offers are Not valid in conjunction with other promotions, discounts, vouchers or privelages.
 Offers Not valid on eve of and on Public Holidays, blackout dates and special occasions.
 Price are subjected to service change and prevaling government taxes."offer_483,dining,FIX Grill,15% off a la carte menu,300102247,10% Off,1/9/16,31/10/2016,"Offer is valid on food bill only, offer is not valid in conjunction with other promotions, discounts or offers, Not valid on eve of and on Public Holidays and special occasions(e.g. Father's Day)."offer_484,dining,Morsels,15% off total bill,300178259,15% Off,1/4/16,30/9/2016,"Not valid on eve of and on Public Holidays and special occasions
 Not valid in conjunction with other promotions, discounts, vouchers or offers"offer_485,dining,Raj Restaurant,10% off total Bill,300921585,Enjoy 10% Off your total food bill,1/10/16,31/12/2016,Return voucher terms and conditions apply.offer_486,dining,Summer Pavilion,10% off total bill with a minimum of S$70 spend.,300944168,1-For-1,15/10/2016,31/12/2016,Valid for minimum of 2 people and upto maximum 0f 6 peopleoffer_487,dining,Luxe Sydney,10% off a la carte food items,301847145,20% Off,1/9/16,30/9/2016,"Offer is not valid in conjunction with other promotions, discounts or offers, Not valid on eve of and on Public Holidays and special occasions(e.g. Father's Day)."offer_488,dining,Habitat Coffee,"1-for-1 sweet crepes (Mon-Fri,after 5pm)
 1-for-1 Bottled Cocktails (Fri-Sun)",301309104,1-For-1,1/1/16,31/3/2016,"All offers are strictly for dine-in only,not aplicable for takeaways items unless otherwise stated.
 Not valid during Easter weekend or singapor's national day.
 Limited to maximum group size of 15 people per table per bill,no splitting of table or bill is allowed.
 Prior reservation is highly recomended and subject to availablity.
 Offers are Not valid in conjunction with other promotions, discounts, vouchers,promotions,sets vouchers or privelages and cannot be exchanged for cash."offer_489,dining,Alba 1836,15% off total bill,300170806,10% Off,1/1/16,31/12/2017,"Not valid in conjunction with other promotions, discounts, vouchers or offers"offer_490,dining,Alma By Juan Amador,10% off a la carte food items,300856076,10% Off,1/1/16,31/12/2016,"Lunch offer is only applicable from 12-5pm and dinner is only applicable from 5pm to 12midnight
 Not valid in conjunction with other promotions, discounts, vouchers or offers
 Valid for dine-in onlyand not valid for takeaway
 Not valid on eve of and on Public Holidays and special occasions"offer_491,dining,Indulge at Park,"Exclusively for UOB Reserve, Privilege Banking and Visa infinite cards
 30% savings on total restaurant bill
 20% savings on total restaurant bill",301234361,15% Off,1/1/16,31/12/2016,"Limited to one redemption per card, per table, per bill
 No splitting of table or bill allowed
 Complimentary item must be of equal or lesser value than the item purchased
 Valid for dine-in only
 Not valid on eve of and on Public Holidays and special occasions
 Not valid in conjunction with other promotions, discounts, vouchers or offers"offer_492,dining,La Ventana,10% off total bill,301358613,30% Off,1/7/16,30/6/2017,"Valid for dine-in only
 Not valid on eve of and on Public Holidays and special occasions
 Not valid in conjunction with other promotions, discounts, vouchers or offers
 Offer is not valid for retail and art merchandise"offer_493,dining,Spice Brasserie,"Exclusicve for UOB Reserve,Privalage banking and Visa infinite cards.
 30% saving on total restaurant bill.",301253963,30% Off,15/2/2016,31/12/2016,"Not valid in conjunction with other promotions, discounts, vouchers or privelages.
 Offer is not applicable for special promtions,privelages or discounts.
 Not valid during easter weekend(including good friday)or Singapore national day.
 Limited to a maximum group size of 15 people per table per bill.
 No splitting of table or bill is allowed.
 Prior reservation is highly recommended and subject to availablity."offer_494,dining,Chui Huay Lim Teochew Cuisine,"1-for-1 on Pickleback shots(Fri-Sun)
 Happy hour from 5-8.30pm(Mon-fri)",302348572,30% Off,1/10/16,31/12/2016,Return voucher terms and conditions apply.offer_495,dining,Sabio Tapas Bar,"10% off total bill with min S$100 spend in a single receipt,
 Extended Happy hour from 3pm to pm",302524436,15% Off,1/9/16,30/11/2016,Return voucher terms and condition apply.offer_496,dining,BEEF YAKINIKU DINING YAKINIQUEST,Free S$8 return voucher with min $80 spend,302527245,15 % Off,1/6/16,31/5/2017,"Offers are not applicable for groups starting at 8pax and above.
 Offers are not applicable for corporate and for private rooms at forlino.
 Offers are Not valid in conjunction with other promotions, discounts, vouchers or privelages.
 Offers Not valid on eve of and on Public Holidays, blackout dates and special occasions.
 Price are subjected to service change and prevaling government taxes."offer_497,dining,My Little Tapas Bar,"10 % of total bill.
 15 % of total bill.",301326602,10% Off,1/1/16,31/3/2016,"Not valid in conjunction with other promotions, discounts, vouchers or offers"offer_498,dining,The Butchers Club Burger,"15% off total bill with a min. spend of S$60(Lunch)
 10% off total bill with a min. spend of S$60(Dinner)",303224771,15% Off,1/1/16,31/12/2016,"Lunch offer is only applicable from 12-5pm and dinner is only applicable from 5pm to 12midnight
 Not valid in conjunction with other promotions, discounts, vouchers or offers
 Valid for dine-in onlyand not valid for takeaway
 Not valid on eve of and on Public Holidays and special occasions"offer_499,dining,Alati Divine Greek Cuisine,10% off on your total bill.,303206690,15% Off,1/5/16,31/12/2016,"Offer is applicable for Lunch set, Beverage and dessert
 Offer is only applicable for selected a la carte items.
 Not valid on eve of and on Public Holidays, blackout dates and special occasions."offer_500,dining,The Square,155 off total food & beverage bill,303517844,15% Off,1/1/16,31/12/2016,"Not valid in conjunction with other promotions, discounts, vouchers or offers"offer_501,dining,HI-SO Rooftop Bar,15% off a la carte food bill with min. $150 spend,301888323,10 % Off,1/9/16,30/9/2016,"Offers not valid on eve of and on Public Holidays, blackout dates and special occasions."offer_502,dining,Jade of India,"10 % of total bill.
 15 % of total bill.",301717443,15% Off,1/7/16,31/12/2016,"Valid for dine-in only
 Not valid on eve of and on Public Holidays and special occasions
 Not valid in conjunction with other promotions, discounts, vouchers or offers
 Limited to maximum 15 people per table"offer_503,dining,Omar Shariff Authentic Indian Cuisine,"Enjoy 10% off your total food bill
 Priority Queue
 3 Pints of Kirin at S$38++",301450640,1-For-1,1/6/16,31/5/2017,"Offers are not applicable for groups starting at 8pax and above.
 Offers are not applicable for corporate and for private rooms at forlino.
 Offers are Not valid in conjunction with other promotions, discounts, vouchers or privelages.
 Offers Not valid on eve of and on Public Holidays, blackout dates and special occasions.
 Price are subjected to service change and prevaling government taxes."offer_504,dining,Two Blur Guys,"Exclusively for UOB Reserve, Privilege Banking and Visa infinite cards
 30% savings on total restaurant bill
 20% savings on total restaurant bill """,300304035,1-For-1,1/2/16,31/12/2016,"Not valid in conjunction with other promotions, discounts, vouchers or offers
 Not valid on eve of and on Public Holidays and special occasions
 Valid for dine-in only
 Payment must be made with UOB Credit/ Debit Card
 Valid till 30 June 2016. Not valid on Friday, eve of and on Public Holidays"offer_505,dining,Cafe Salivation,10% off total bill,301166929,15 % Off,20/6/2016,31/12/2016,"Offers Not valid on eve of and on Public Holidays, blackout dates and special occasions.
 Not valid in conjunction with other promotions, discounts, vouchers or privelages."offer_506,dining,Hombre Cantina,"10% off total bill
 Birthday Privilege
 15% off total bill",301046683,10% Off,1/7/16,30/6/2017,"Valid for dine-in only
 Not valid for takeaway
 Not valid in conjunction with other promotions, vouchers or offers 
 Not valid during Easter weekend or Singapore's National Day 
 Limited to maximum 15 people per table"offer_507,dining,Sinpopo,10% off total bill,300723064,Happy Hours,1/7/16,31/12/2016,"All offers are strictly for dine-in only,not aplicable for takeaways"offer_508,dining,Tatsu,"20% off all Burgers
 10% off total bill with min. S$100 spend",301270710,Enjoy 10% Off your total food bill,1/7/16,30/6/2017,"Valid for dine-in only
 Not valid on eve of and on Public Holidays and special occasions
 Not valid in conjunction with other promotions, discounts, vouchers or offers
 Valid for both lunch and dinner only at Clarke Quay outlet"offer_509,dining,Kwee Zeen,10 % of total bill.,301305918,10% Off,1/9/16,31/10/2016,"Offers not valid on eve of and on Public Holidays, blackout dates and special occasions."offer_510,dining,CATO,"Exclusively for UOB Reserve, Privilege Banking and Visa infinite cards
 30% savings on total restaurant bill
 20% savings on total restaurant bill",300192932,10% Off,1/1/16,31/3/2016,"Not valid in conjunction with other promotions, discounts, vouchers or offers
 Not valid on eve of and on Public Holidays and special occasions"offer_511,dining,Sum Yi Tai,10% off total bill with min S$80 spend,300623806,15% Off,1/7/16,30/6/2017,"Valid for dine-in only 
 Limited to one promotional dish per table per bill
 Prices stated are before GST and service charge
 Not valid in conjunction with other promotions, discounts, vouchers or offers
 Payment must be made with UOB Credit/ Debit Card"offer_512,dining,Buona Terra,"10% off total bill with min S$100 spend in a single receipt,
 Extended Happy hour from 3pm to pm",301286136,10% Off,1/6/16,31/12/2016,"Offers is not valid on eve of and on public holiday and special occasion.
 Offer is not valid in conjuction woth other promotion, discounts and vouchers"offer_513,dining,Santa Fe Tex-Mex Grill,Free S$8 return voucher with min $80 spend,300736426,15% Off,3/5/16,31/12/2016,"Offer is valid on 24 and 25 December 2015
 Not valid on eve of and on Public Holidays and special occasions
 Not valid in conjunction with other promotions, discounts, vouchers or offers
 Valid for dine-in only and are not applicable for takeaway
 Payment must be made with UOB Credit/ Debit Card"offer_514,dining,Chat Masala,10% off total bill with min. S$30 spend,300075780,15% Off,1/7/16,31/12/2016,"Valid for dine-in only
 Not valid on eve of and on Public Holidays and special occasions
 Not valid in conjunction with other promotions, discounts, vouchers or offers
 Payment must be made with UOB Credit/ Debit Card"offer_515,dining,Shinzo Japanese Cuisine,"10% off total bill
 Birthday Privilege
 15% off total bill",301680001,10% Off,1/7/16,30/6/2017,"Valid at Changi Airport only.
 Offers Not valid on eve of and on Public Holidays, blackout dates and special occasions.
 Not valid in conjunction with other promotions, discounts, vouchers or privelages."offer_516,dining,Sun Ray Cafe,"Exclusively for UOB Reserve, Privilege Banking and Visa Infinite Cards
 30% savings on total restaurant bill, UOB Deal
 20% savings on total restaurant bill",300184746,15% Off,1/6/16,31/7/2016,"Offers are not applicable for groups starting at 8pax and above.
 Offers are not applicable for corporate and for private rooms at forlino.
 Offers are Not valid in conjunction with other promotions, discounts, vouchers or privelages.
 Offers Not valid on eve of and on Public Holidays, blackout dates and special occasions.
 Price are subjected to service change and prevaling government taxes."offer_517,dining,Feng Shui Inn,"15% off total bill (tue&wed)
 10% off total bill(thus&sat)",303115406,10% Off,1/6/16,31/5/2017,"Offers is not valid on eve of and on public holiday and special occasion.
 Offer is not valid in conjuction woth other promotion, discounts and vouchers"offer_518,dining,Kuvo,10% off total Bill,301714546,10% Off,1/1/16,31/12/2016,"All offers are strictly for dine-in only,not aplicable for takeaways.
 Offers are Not valid in conjunction with other promotions, discounts, vouchers,promotions,sets vouchers or privelages and cannot be exchanged for cash.
 Offers Not valid on eve of and on Public Holidays, blackout dates and special occasions.
 Offer is limited to one redemption per card.
 1-for-1 promtion valid for piickleback shots only.
 Valid all day on fri,sat,sun.
 Promotion is only valid for UOB YOLO,payment or balance of payment is to be made with UOB YOLO.
 Complimentary item must be of equal or lesser value than the item purchased."offer_519,dining,Sunday Market,"Exclusicve for UOB Reserve,Privalage banking and Visa infinite cards.
 30% saving on total restaurant bill.",300695282,15% Off,1/9/16,31/10/2016,"Offer is not valid in conjunction with other promotions, discounts or offers, Not valid on eve of and on Public Holidays and special occasions(e.g. Father's Day)."offer_521,dining,Sprmrkt,15% off food and beverage bill,300382419,15% Off,1/7/16,30/6/2017,"Valid for dine-in only
 Not valid on eve of and on Public Holidays and special occasions
 Not valid in conjunction with other promotions, discounts, vouchers or offers
 Offer is not valid for retail and art merchandise"offer_522,dining,Nabehide Japanese Hotpot,"10% off a la carte food bill with min. $100 spend.
 10% saving on ala carte food bill with min. $100 spend.",300741958,10% Off,1/2/16,31/12/2016,"Not valid in conjunction with other promotions, discounts, vouchers or offers
 Not valid on eve of and on Public Holidays and special occasions"offer_524,dining,Lollapalooza,"15% off steamed chilli crab dumplings
 15% off noodles selection on weekdays, 3-5pm",303667963,1-For-1,20/6/2016,31/12/2016,"Payment must be made with UOB Credit/ Debit Card.
 Offers Not valid on eve of and on Public Holidays, blackout dates and special occasions.
 The prevlages cannot be exchanged for cash or used in conjunction with Tung Lok privelages card,other promotionla progames,offers,discount cards,vouchers or vip privelages with more than 30 persons,unless otherwise stated.
 Offers are Not valid in conjunction with other promotions, discounts, vouchers,promotions,sets vouchers or privelages and cannot be exchanged for cash.
 Visit tunglok.com for more information.
 UOB general dining terms and conditon apply.
 Privelage are valid for dine-in and on a la carte items only.
 The prevlages cannot be exchanged for cash or used in conjunction with Tung Lok privelages card,other promotionla progames,offers,discount cards,vouchers or vip privelages with more than 30 persons,unless otherwise stated."offer_525,dining,Spizza Mercato,"15% off total bill (tue&wed)
 10% off total bill(thus&sat)",301351714,15% Off,20/6/2016,31/12/2016,"Payment must be made with UOB Credit/ Debit Card
 Not valid in conjunction with other promotions, discounts, vouchers or offers
 Valid for dine-in onlyand not valid for takeaway
 Not valid on eve of and on Public Holidays and special occasions"offer_526,dining,Vasco,"Exclusively for UOB Reserve, Privilege Banking and Visa infinite cards
 30% savings on total restaurant bill
 20% savings on total restaurant bill",300792493,15% Off,1/1/16,31/12/2016,"Limited to 1 redemption per card.
 Offers Not valid on eve of and on Public Holidays, blackout dates and special occasions
 Not valid in conjunction with other promotions, discounts, vouchers or privelages."offer_527,dining,CreatureS,"1-for-1 main courses (tue-fri,after 6pm)
 1-for-1 Mojitoes(fri,sat)",303471829,1-For-1,15/10/2016,31/12/2016,Valid for minimum of 2 people and upto maximum 0f 6 peopleoffer_528,dining,Tamashii Robataya,155 off total food & beverage bill,300674909,10 % Off,1/7/16,30/9/2016,Dine -in only and not applicable for takeways. Not valid at OneKM outlet.offer_529,dining,Bar Canary,"All offers are strictly for dine-in only,not aplicable for takeaways items unless otherwise stated.
 Not valid during Easter weekend or singapor's national day.
 Limited to maximum group size of 15 people per table per bill,no splitting of table or bill is allowed.
 Prior reservation is highly recomended and subject to availablity.
 Offers are Not valid in conjunction with other promotions, discounts, vouchers,promotions,sets vouchers or privelages and cannot be exchanged for cash.",301625727,10% Off,1/6/16,31/12/2016,"Offers Not valid on eve of and on Public Holidays, blackout dates and special occasions
 Not valid in conjunction with other promotions, discounts, vouchers or privelages."offer_530,dining,Pasta J,"20% off all Burgers
 10% off total bill with min. S$100 spend",301036123,15% Off,1/1/16,31/12/2016,"All offers are strictly for dine-in only,not aplicable for takeaways items unless otherwise stated.
 Not valid during Easter weekend or singapor's national day.
 Limited to maximum group size of 15 people per table per bill,no splitting of table or bill is allowed.
 Prior reservation is highly recomended and subject to availablity.
 Offers are Not valid in conjunction with other promotions, discounts, vouchers,promotions,sets vouchers or privelages and cannot be exchanged for cash."offer_531,dining,Sync Korean Fusion Bistro,10% off total bill,301622888,30% Off,20/6/2016,31/12/2016,"Payment must be made with UOB Credit/ Debit Card.
 Offers Not valid on eve of and on Public Holidays, blackout dates and special occasions.
 The prevlages cannot be exchanged for cash or used in conjunction with Tung Lok privelages card,other promotionla progames,offers,discount cards,vouchers or vip privelages with more than 30 persons,unless otherwise stated.
 Offers are Not valid in conjunction with other promotions, discounts, vouchers,promotions,sets vouchers or privelages and cannot be exchanged for cash.
 Visit tunglok.com for more information.
 UOB general dining terms and conditon apply.
 Privelage are valid for dine-in and on a la carte items only."offer_532,dining,Vita Italiana Restaurant,"10 % of total bill.
 15 % of total bill.",303790790,1-For-1,1/2/16,31/12/2016,"Not valid in conjunction with other promotions, discounts, vouchers or offers
 Not valid on eve of and on Public Holidays and special occasions"offer_533,dining,Mr Punch Public House,10% off a la carte food items,300599400,10% Off,1/5/16,31/12/2016,"Offer is applicable for Lunch set, Beverage and dessert
 Offer is only applicable for selected a la carte items.
 Not valid on eve of and on Public Holidays, blackout dates and special occasions."offer_534,dining,Nectar Restaurant,"1-for-1 on Pickleback shots(Fri-Sun)
 Happy hour from 5-8.30pm(Mon-fri)",302533507,30% Off,1/7/16,30/6/2017,"Valid for dine-in only
 Discount is applicable from 3pm to 9.30pm for weekdays(mon- fri) and 12pm to 9pm for weekends (sat & sun)
 Payment must be made with UOB Credit/ Debit Card
 Not valid with any other in-house set menus,kids menu, bento menu,promotions or discounts.
 Not valid on eve of and on Public Holidays and special occasions
 Not applicable for takeaway items, bento delivery, beers & wines"offer_535,dining,TAO Seafood Asia,20% off a la carte food bill with min. $200 Spend,301993571,15% Off,1/9/16,31/10/2016,"Offers not valid on eve of and on Public Holidays, blackout dates and special occasions."offer_536,dining,Violet Herbs,10% off total bill with min. S$30 spend,300198106,15% Off,1/4/16,30/6/2016,"Not valid on eve of and on Public Holidays, blackout dates and special occasions.
 Not valid in conjunction with other offers ,privelages or sets.
 1-for-1 promtion valid for bottled cock tails only.
 Valid all day on friday,saturday and sunday.
 Promotion is only valid for UOB YOLO,payment or balance of payment is to be made with YOLO.
 Offer is limited to one redemption for a card.
 Complimentary item must be of equal ol lesser value than the item purchased.
 No splitting of table/bill is allowed.
 Valid for dine-in only and are not applicable for takeaway
 Offfer is not applicable on the festive season and specail occasion.
 Offer is not applicable for special promtions,privelages or discounts"offer_537,dining,Si Chuan Dou Hua Restaurant,"Exclusively for UOB Reserve, Privilege Banking and Visa Infinite Cards
 30% savings on total restaurant bill, UOB Deal
 20% savings on total restaurant bill",300919336,30% Off,1/7/16,30/6/2017,"Valid for dine-in only
 Not valid for takeaway
 Not valid in conjunction with other promotions, vouchers or offers 
 Not valid during Easter weekend or Singapore's National Day 
 Limited to maximum 15 people per table"offer_538,dining,1933,"Exclusively for UOB Reserve, Privilege Banking and Visa infinite cards
 30% savings on total restaurant bill
 20% savings on total restaurant bill",303687895,15% Off,1/9/16,30/11/2016,Return voucher terms and condition apply.offer_539,dining,Haha Thai,1- for- 1 Hendricks Gin & Tonics ( Tue- Sun),300627117,20% Off,1/6/16,31/5/2017,"Offers are not applicable for groups starting at 8pax and above.
 Not valid on eve of and on Public Holidays, blackout dates and special occasions.
 But not limited to valentines day,mothers day,father's day,National day,formula 1 weekend,CNY,christmas.
 Not valid in conjunction with other promotions, discounts, vouchers or privelages."offer_540,dining,63Celsius,10% off total bill,301110739,10% Off,1/4/16,30/9/2016,"Not valid in conjunction with other promotions, discounts, vouchers or privelages.
 Offer is not applicable for special promtions,privelages or discounts.
 Not valid during easter weekend(including good friday)or Singapore national day.
 Limited to a maximum group size of 15 people per table per bill.
 No splitting of table or bill is allowed.
 Prior reservation is highly recommended and subject to availablity."offer_541,dining,Labrador Seafood,"1-for-1 main courses (tue-fri,after 6pm)
 1-for-1 Mojitoes(fri,sat)",301530804,30% Off,20/6/2016,31/12/2016,"Offers Not valid on eve of and on Public Holidays, blackout dates and special occasions.
 Not valid in conjunction with other promotions, discounts, vouchers or privelages."offer_542,dining,LongPlay,10% off on your total bill.,300954682,1-For-1,1/7/16,30/6/2017,"Valid for dine-in only
 Not valid on eve of and on Public Holidays and special occasions
 Not valid in conjunction with other promotions, discounts, vouchers or offers
 Limited to maximum 15 people per table"offer_543,dining,Follia Italian Restaurant,10% off a la carte food bill for lunch(Mon-Fri) and dinner (Mon-thur),300332434,15 % Off,1/10/16,31/12/2016,Return voucher terms and conditions apply.offer_544,dining,Standing Sushi Bar,15 % of total bill.,301153065,30% Off,1/6/16,31/7/2016,"Offers is not valid on eve of and on public holiday and special occasion.
 Offer is not valid in conjuction woth other promotion, discounts and vouchers"offer_545,dining,Everything with Fries,10% off total bill,304033111,10% Off,20/6/2016,31/12/2016,"Payment must be made with UOB Credit/ Debit Card
 Not valid in conjunction with other promotions, discounts, vouchers or offers
 Valid for dine-in onlyand not valid for takeaway
 Not valid on eve of and on Public Holidays and special occasions"offer_546,dining,pluck,1-for-1 a la carte items,300810932,10% Off,1/2/16,31/12/2016,"Not valid in conjunction with other promotions, discounts, vouchers or offers
 Not valid on eve of and on Public Holidays and special occasions
 Valid for dine-in only
 Payment must be made with UOB Credit/ Debit Card
 Valid till 30 June 2016. Not valid on Friday, eve of and on Public Holidays"offer_547,dining,Tree Lizard,1-FOR-1 Main Course,301652440,1-For-1,1/1/16,31/12/2016,"Limited to one redemption per card, per table, per bill
 No splitting of table or bill allowed
 Complimentary item must be of equal or lesser value than the item purchased
 Valid for dine-in only
 Not valid on eve of and on Public Holidays and special occasions
 Not valid in conjunction with other promotions, discounts, vouchers or offers"offer_548,dining,IKKI Izakaya,1-for-1 a la carte items,300015723,10% Off,1/1/16,31/12/2016,"Limited to 1 redemption per card.
 Offers Not valid on eve of and on Public Holidays, blackout dates and special occasions
 Not valid in conjunction with other promotions, discounts, vouchers or privelages."offer_549,dining,Kai Garden,"Exclusively for UOB Reserve, Privilege Banking and Visa infinite cards
 30% savings on total restaurant bill
 20% savings on total restaurant bill",303575923,30% Off,1/6/16,31/7/2016,"Offers are not applicable for groups starting at 8pax and above.
 Offers are not applicable for corporate and for private rooms at forlino.
 Offers are Not valid in conjunction with other promotions, discounts, vouchers or privelages.
 Offers Not valid on eve of and on Public Holidays, blackout dates and special occasions.
 Price are subjected to service change and prevaling government taxes."offer_550,dining,Rochor Thai,10% off a la carte food items,302897595,15% Off,1/6/16,31/5/2017,"Offers are not applicable for groups starting at 8pax and above.
 Offers are not applicable for corporate and for private rooms at forlino.
 Offers are Not valid in conjunction with other promotions, discounts, vouchers or privelages.
 Offers Not valid on eve of and on Public Holidays, blackout dates and special occasions.
 Price are subjected to service change and prevaling government taxes."offer_551,dining,Cotton,10% off a la carte food items,302264486,15% Off,1/4/16,30/9/2016,"Not valid on eve of and on Public Holidays and special occasions
 Not valid in conjunction with other promotions, discounts, vouchers or offers"offer_552,dining,Old Boys Gallery,15% off food and beverage bill,302741960,1-For-1,1/9/16,30/11/2016,"Offer is not valid in conjunction with other promotions, discounts or offers, Not valid on eve of and on Public Holidays and special occasions(e.g. Father's Day)."offer_553,dining,Tin Hill Social,10% off total food bill with a min. spend of S$100,303476064,1-For-1,15/10/2016,31/12/2016,Valid for dine-in onlyand not valid for takeawayoffer_554,dining,Yan,"1-for-1 on Pickleback shots(Fri-Sun)
 Happy hour from 5-8.30pm(Mon-fri)",302873687,10% Off,1/9/16,31/10/2016,"Offer is valid on food bill only, offer is not valid in conjunction with other promotions, discounts or offers, Not valid on eve of and on Public Holidays and special occasions(e.g. Father's Day)."offer_555,dining,Hanashizuku Japanese Cuisine,1- for-1 Main Dish( Lunch Only ),301799541,1-For-1,1/10/16,31/12/2016,Return voucher terms and condition apply.offer_556,dining,The Daily Roundup,"1-for-1 sweet crepes (Mon-Fri,after 5pm)
 1-for-1 Bottled Cocktails (Fri-Sun)",302563393,1-For-1,1/4/16,30/6/2016,"Not valid on eve of and on Public Holidays, blackout dates and special occasions.
 Not valid in conjunction with other offers ,privelages or sets.
 1-for-1 promtion valid for bottled cock tails only.
 Valid all day on friday,saturday and sunday.
 Promotion is only valid for UOB YOLO,payment or balance of payment is to be made with YOLO.
 Offer is limited to one redemption for a card.
 Complimentary item must be of equal ol lesser value than the item purchased.
 No splitting of table/bill is allowed.
 Valid for dine-in only and are not applicable for takeaway
 Offfer is not applicable on the festive season and specail occasion.
 Offer is not applicable for special promtions,privelages or discounts"offer_557,dining,EMPRESS,10% off a la carte food items,303465021,10% Off,1/1/16,31/12/2017,"Not valid in conjunction with other promotions, discounts, vouchers or offers"offer_558,dining,Humpback,"15% off a la carte food bill with min. $200 spend.
 15% off a la carte food bill with min. $200 spend.
 10% off a la carte food bill with min. $120 spend.
 10% off a la carte food bill with min. $120 spend.",302935927,Enjoy 10% Off your total food bill,1/4/16,30/9/2016,"Not valid on eve of and on Public Holidays and special occasions
 Not valid in conjunction with other promotions, discounts, vouchers or offers"offer_559,dining,Le Frenchie,"15% off steamed chilli crab dumplings
 15% off noodles selection on weekdays, 3-5pm",302910932,20% Off,1/4/16,30/6/2016,"Not valid on eve of and on Public Holidays, blackout dates and special occasions.
 Not valid in conjunction with other offers ,privelages or sets.
 1-for-1 promtion valid for bottled cock tails only.
 Valid all day on friday,saturday and sunday.
 Promotion is only valid for UOB YOLO,payment or balance of payment is to be made with YOLO.
 Offer is limited to one redemption for a card.
 Complimentary item must be of equal ol lesser value than the item purchased.
 No splitting of table/bill is allowed.
 Valid for dine-in only and are not applicable for takeaway
 Offfer is not applicable on the festive season and specail occasion.
 Offer is not applicable for special promtions,privelages or discounts"offer_560,dining,Delicacy,"20% off all Burgers
 10% off total bill with min. S$100 spend",303812631,10% Off,1/9/16,30/9/2016,"Offers not valid on eve of and on Public Holidays, blackout dates and special occasions."offer_561,dining,J65,10% off total bill with min. S$30 spend,303888280,1-For-1,20/6/2016,31/12/2016,"Payment must be made with UOB Credit/ Debit Card
 Not valid in conjunction with other promotions, discounts, vouchers or offers
 Valid for dine-in onlyand not valid for takeaway
 Not valid on eve of and on Public Holidays and special occasions"offer_562,dining,Laffio,10% off a la carte food bill,303348928,15% Off,1/2/16,31/12/2016,"Not valid in conjunction with other promotions, discounts, vouchers or offers
 Not valid on eve of and on Public Holidays and special occasions
 Valid for dine-in only
 Payment must be made with UOB Credit/ Debit Card
 Valid till 30 June 2016. Not valid on Friday, eve of and on Public Holidays"offer_563,dining,Sushi Mieda,"Enjoy 10% off your total food bill
 Priority Queue
 3 Pints of Kirin at S$38++",300830570,1-For-1,1/7/16,31/12/2016,"Valid for dine-in only
 Not valid on eve of and on Public Holidays and special occasions
 Not valid in conjunction with other promotions, discounts, vouchers or offers
 Limited to maximum 15 people per table"offer_564,dining,Zsofi Tapas Bar,10% off a la carte food bill for lunch(Mon-Fri) and dinner (Mon-thur),300406837,Enjoy 10% Off your total food bill,1/7/16,30/6/2017,"Valid for dine-in only
 Not valid on eve of and on Public Holidays and special occasions
 Not valid in conjunction with other promotions, discounts, vouchers or offers
 Limited to maximum 15 people per table"offer_565,dining,TungLok XiHe Peking Duck,15% off a la carte food bill with min. $150 spend,302843057,15% Off,20/6/2016,31/12/2016,"Payment must be made with UOB Credit/ Debit Card
 Not valid in conjunction with other promotions, discounts, vouchers or offers
 Valid for dine-in onlyand not valid for takeaway
 Not valid on eve of and on Public Holidays and special occasions"offer_566,dining,Vatos Urban Tacos,"20% off all Burgers
 10% off total bill with min. S$100 spend",303278918,20% Off,1/5/16,31/12/2016,"Offer is applicable for Lunch set, Beverage and dessert
 Offer is only applicable for selected a la carte items.
 Not valid on eve of and on Public Holidays, blackout dates and special occasions."offer_567,dining,Cho Omakase,10% off total bill with min $30 spend,301926713,1-For-1,1/9/16,30/11/2016,"Offer is valid on food bill only, offer is not valid in conjunction with other promotions, discounts or offers, Not valid on eve of and on Public Holidays and special occasions(e.g. Father's Day)."offer_568,dining,Cibo Italiano,"All offers are strictly for dine-in only,not aplicable for takeaways items unless otherwise stated.
 Not valid during Easter weekend or singapor's national day.
 Limited to maximum group size of 15 people per table per bill,no splitting of table or bill is allowed.
 Prior reservation is highly recomended and subject to availablity.
 Offers are Not valid in conjunction with other promotions, discounts, vouchers,promotions,sets vouchers or privelages and cannot be exchanged for cash.",302876584,10% Off,20/6/2016,31/12/2016,"Offers Not valid on eve of and on Public Holidays, blackout dates and special occasions
 Not valid in conjunction with other promotions, discounts, vouchers or privelages."offer_569,dining,Hopscotch Bar,"10% off total bill with min S$100 spend in a single receipt,
 Extended Happy hour from 3pm to pm",303634327,30% Off,1/7/16,30/6/2017,"Valid for dine-in only
 Not valid on eve of and on Public Holidays and special occasions
 Not valid in conjunction with other promotions, discounts, vouchers or offers
 Offer is not valid for retail and art merchandise"offer_570,dining,Fat Saigon Boy,10% off total bill,303805399,10% Off,1/1/16,31/12/2016,"Limited to one redemption per card, per table, per bill
 No splitting of table or bill allowed
 Complimentary item must be of equal or lesser value than the item purchased
 Valid for dine-in only
 Not valid on eve of and on Public Holidays and special occasions
 Not valid in conjunction with other promotions, discounts, vouchers or offers"offer_571,dining,Dehesa,15% off a la carte food bill with min. $150 spend,302828921,30% Off,1/10/16,31/12/2016,Return voucher terms and condition apply.offer_572,dining,Meta Restaurant,10% off total bill,303509223,10% Off,15/10/2016,31/12/2016,Valid for dine-in onlyand not valid for takeawayoffer_573,dining,SYNC Korean Tapas Bar,"15% off total bill with min. S$50 spend on food
 10% off total bill with min. S$50 spend on food
 1- for -1 Lava Cake",303903449,15% Off,1/7/16,31/12/2016,"Promotion is only valid for UOB YOLO, payment or balance of payment
 Not valid in conjunction with other promotions, discounts, vouchers or offers
 Not valid on eve of and on Public Holidays and special occasions
 UOB is not an agent of the merchant, vice versa"offer_574,dining,Aqua Luna,"Exclusively for UOB Reserve, Privilege Banking and Visa infinite cards
 30% savings on total restaurant bill
 20% savings on total restaurant bill",302586475,1-For-1,1/4/16,30/6/2016,"Not valid on eve of and on Public Holidays, blackout dates and special occasions.
 Not valid in conjunction with other offers ,privelages or sets.
 1-for-1 promtion valid for bottled cock tails only.
 Valid all day on friday,saturday and sunday.
 Promotion is only valid for UOB YOLO,payment or balance of payment is to be made with YOLO.
 Offer is limited to one redemption for a card.
 Complimentary item must be of equal ol lesser value than the item purchased.
 No splitting of table/bill is allowed.
 Valid for dine-in only and are not applicable for takeaway
 Offfer is not applicable on the festive season and specail occasion.
 Offer is not applicable for special promtions,privelages or discounts"offer_575,dining,Donna Carmela,10% off total bill with a minimum of $100 spend.,302474731,30% Off,1/4/16,30/9/2016,"Not valid on eve of and on Public Holidays and special occasions
 Not valid in conjunction with other promotions, discounts, vouchers or offers"offer_576,dining,Le Halo,1-FOR-1 Main Course,302865507,1-For-1,1/1/16,31/12/2016,"Lunch offer is only applicable from 12-5pm and dinner is only applicable from 5pm to 12midnight
 Not valid in conjunction with other promotions, discounts, vouchers or offers
 Valid for dine-in onlyand not valid for takeaway
 Not valid on eve of and on Public Holidays and special occasions"offer_577,dining,My Little Spanish Place,10% off total bill with min. S$30 spend,302596382,15 % Off,1/1/16,31/12/2016,"Lunch offer is only applicable from 12-5pm and dinner is only applicable from 5pm to 12midnight
 Not valid in conjunction with other promotions, discounts, vouchers or offers
 Valid for dine-in onlyand not valid for takeaway
 Not valid on eve of and on Public Holidays and special occasions"offer_578,dining,1 Tyrwhitt Bistro Bar,Free S$15 return voucher with min $60 spend,303806576,10 % Off,15/10/2016,31/12/2016,Valid for dine-in onlyand not valid for takeawayoffer_579,dining,Chillax Cafe,15% off a la carte menu,303590274,10% Off,1/6/16,31/7/2016,"Offers is not valid on eve of and on public holiday and special occasion.
 Offer is not valid in conjuction woth other promotion, discounts and vouchers"offer_580,dining,Greenhouse Cafe,10% off a la carte food bill,300965049,Happy Hours,1/7/16,30/9/2016,Dine -in only and not applicable for takeways. Not valid at OneKM outlet.offer_581,dining,Kanda Wadatsumi Japanese Dining,10% off total bill with min. S$30 spend,302700964,Enjoy 10% Off on your total bill,1/7/16,30/6/2017,"Valid for dine-in only
 Not valid for takeaway
 Not valid in conjunction with other promotions, vouchers or offers 
 Not valid during Easter weekend or Singapore's National Day 
 Limited to maximum 15 people per table 
 Prior reservation is highly recommended and subject to availablity."offer_582,dining,Pardon My French,20% off a la carte food bill with min. $200 Spend,303321510,15 % Off,1/1/16,31/12/2016,"All offers are strictly for dine-in only,not aplicable for takeaways.
 Offers are Not valid in conjunction with other promotions, discounts, vouchers,promotions,sets vouchers or privelages and cannot be exchanged for cash.
 Offers Not valid on eve of and on Public Holidays, blackout dates and special occasions.
 Offer is limited to one redemption per card.
 1-for-1 promtion valid for piickleback shots only.
 Valid all day on fri,sat,sun.
 Promotion is only valid for UOB YOLO,payment or balance of payment is to be made with UOB YOLO.
 Complimentary item must be of equal or lesser value than the item purchased."offer_586,dining,Krispy Kreme,"*Pay 1 for 2 Every Monday
 *special Price",303623246,"*Pay 1 for 2 Every Monday
 *special Price",1/1/16,31/3/2016,"*Valid for a minimum purchase of 1 dozen donuts, get one free dozen Original Glazed donut / Cinnamon / Icing Sugar
 *Applicable to all kinds of beverage menu coffee
 *Applies only to BCA Card
 *Apply every Monday
 *Special Offer Rp 68.000 / dozen (normal Rp 89,000 / dozen)
 *Applies to the purchase of 1 dozen assorted / promotion donuts, with a minimum of three original glazed donuts / Cinnamon / Icing Sugar
 *Applicable to all BCA Credit Card
 *Apply every day"offer_608,dining,Starbucks,"*Free Upsize & Free 1 tall Beverages
 *Applicable to all kinds of BCA Credit Card",304040185,free Upsize,1/1/15,31/12/2016,"*Applicable to all types of drinks at Starbucks Coffee
 *Can not be combined with other promo
 *Applicable to all types of Credit Card BCA
 *Buy and top up Starbucks Card min. Rp 200.000, -
 *Top up / Reload Starbucks Card min. Rp 200.000, -
 *Apply every 25th - end of the month
 *Apply every month
 *Applicable to all types of Credit Card BCA"offer_621,dining,Cold Stone Creamery,"*20% Off on Ice Cream Cake / Cupcake
 *Pay 1 for 2 Every Sunday",302535482,"*free Upsize
 *20% Off
 *1 for 2",1/1/15,31/12/2015,"*Free Upsize applies to products Ice Cream, Shakes, & Smoothies on the size of the ""Love It"" to measure ""Gotta Have It""
 *Apply every day for the entire BCA Credit Card
 *Apply every Monday special for Debit BCA
 *Applicable to medium size round Signature or Seasonal Ice Cream Cake
 *Valid for Cupcake Ice Cream with a minimum purchase of 4 cupcakes
 *Apply every day using BCA Credit Card
 *Applies for Ice Cream ""Mine"" (16oz) or ""Ours"" (32oz)
 *Only valid for the user BCA Credit Card
 *Only valid every Sunday"offer_628,dining,Haagen-Dazs,Pay 1 For 2,303993011,Pay 1 For 2,1/1/16,31/12/2017,"*Terms & conditions:
 *Valid for Monday
 *Applies to Credit Card Card logo BCA BCA Card
 *The maximum transaction Rp 500.000, -
 *Does not apply to products Haagen-Dazs Ice Cream Cake
 *Taxes and Service Charge applies.
 *Applicable to all kinds of BCA Credit Card
 *Top-up of at least Rp 100,000
 *Bonus Cash Reward for 50% of transactions in the top-up
 *Apply every day"